{
  "project_info": {
    "project_number": "1098235122453",
    "firebase_url": "https://stax-bf03d.firebaseio.com",
    "project_id": "stax-bf03d",
    "storage_bucket": "stax-bf03d.appspot.com"
  },
  "client": [
    {
      "client_info": {
        "mobilesdk_app_id": "1:1098235122453:android:f826f5d2d92f3b61d20f1c",
        "android_client_info": {
          "package_name": "com.hover.momopay"
        }
      },
      "oauth_client": [
        {
          "client_id": "1098235122453-knns8iksckpjrhbps5gg8njhfgkf97g1.apps.googleusercontent.com",
          "client_type": 1,
          "android_info": {
            "package_name": "com.hover.momopay",
            "certificate_hash": "4771df4ddf334c28cc71ebd82f5da5e227a415bf"
          }
        },
        {
          "client_id": "1098235122453-v4kea3mfd19a51vm8282t0i7p37olku4.apps.googleusercontent.com",
          "client_type": 1,
          "android_info": {
            "package_name": "com.hover.momopay",
            "certificate_hash": "39b574f5b31cc4c617ca5e00846950296e4133f0"
          }
        },
        {
          "client_id": "1098235122453-vegqvhklnofu5careh3fltdu5bdv9dmu.apps.googleusercontent.com",
          "client_type": 3
        }
      ],
      "api_key": [
        {
          "current_key": "AIzaSyB-F4OUKVGvPDCUMLqNblp_YuYYvb3Xkjg"
        }
      ],
      "services": {
        "appinvite_service": {
          "other_platform_oauth_client": [
            {
              "client_id": "1098235122453-5u1hct3brr4t626317k9fgjkkfdmsbvs.apps.googleusercontent.com",
              "client_type": 3
            }
          ]
        }
      }
    }
  ],
  "configuration_version": "1"
}