{
  "formatVersion": 1,
  "database": {
    "version": 31,
    "identityHash": "5da73f0f0303be4fe1af75bd8911fa71",
    "entities": [
      {
        "tableName": "channels",
        "createSql": "CREATE TABLE IF NOT EXISTS `${TABLE_NAME}` (`id` INTEGER NOT NULL, `name` TEXT NOT NULL, `country_alpha2` TEXT NOT NULL, `root_code` TEXT, `currency` TEXT NOT NULL, `hni_list` TEXT NOT NULL, `logo_url` TEXT NOT NULL, `institution_id` INTEGER NOT NULL, `primary_color_hex` TEXT NOT NULL, `published` INTEGER NOT NULL DEFAULT 0, `secondary_color_hex` TEXT NOT NULL, `selected` INTEGER NOT NULL DEFAULT 0, `defaultAccount` INTEGER NOT NULL DEFAULT 0, `pin` TEXT, `latestBalance` TEXT, `latestBalanceTimestamp` INTEGER DEFAULT CURRENT_TIMESTAMP, `account_no` TEXT, PRIMARY KEY(`id`))",
        "fields": [
          {
            "fieldPath": "id",
            "columnName": "id",
            "affinity": "INTEGER",
            "notNull": true
          },
          {
            "fieldPath": "name",
            "columnName": "name",
            "affinity": "TEXT",
            "notNull": true
          },
          {
            "fieldPath": "countryAlpha2",
            "columnName": "country_alpha2",
            "affinity": "TEXT",
            "notNull": true
          },
          {
            "fieldPath": "rootCode",
            "columnName": "root_code",
            "affinity": "TEXT",
            "notNull": false
          },
          {
            "fieldPath": "currency",
            "columnName": "currency",
            "affinity": "TEXT",
            "notNull": true
          },
          {
            "fieldPath": "hniList",
            "columnName": "hni_list",
            "affinity": "TEXT",
            "notNull": true
          },
          {
            "fieldPath": "logoUrl",
            "columnName": "logo_url",
            "affinity": "TEXT",
            "notNull": true
          },
          {
            "fieldPath": "institutionId",
            "columnName": "institution_id",
            "affinity": "INTEGER",
            "notNull": true
          },
          {
            "fieldPath": "primaryColorHex",
            "columnName": "primary_color_hex",
            "affinity": "TEXT",
            "notNull": true
          },
          {
            "fieldPath": "published",
            "columnName": "published",
            "affinity": "INTEGER",
            "notNull": true,
            "defaultValue": "0"
          },
          {
            "fieldPath": "secondaryColorHex",
            "columnName": "secondary_color_hex",
            "affinity": "TEXT",
            "notNull": true
          },
          {
            "fieldPath": "selected",
            "columnName": "selected",
            "affinity": "INTEGER",
            "notNull": true,
            "defaultValue": "0"
          },
          {
            "fieldPath": "defaultAccount",
            "columnName": "defaultAccount",
            "affinity": "INTEGER",
            "notNull": true,
            "defaultValue": "0"
          },
          {
            "fieldPath": "pin",
            "columnName": "pin",
            "affinity": "TEXT",
            "notNull": false
          },
          {
            "fieldPath": "latestBalance",
            "columnName": "latestBalance",
            "affinity": "TEXT",
            "notNull": false
          },
          {
            "fieldPath": "latestBalanceTimestamp",
            "columnName": "latestBalanceTimestamp",
            "affinity": "INTEGER",
            "notNull": false,
            "defaultValue": "CURRENT_TIMESTAMP"
          },
          {
            "fieldPath": "accountNo",
            "columnName": "account_no",
            "affinity": "TEXT",
            "notNull": false
          }
        ],
        "primaryKey": {
          "columnNames": [
            "id"
          ],
          "autoGenerate": false
        },
        "indices": [],
        "foreignKeys": []
      },
      {
        "tableName": "stax_transactions",
        "createSql": "CREATE TABLE IF NOT EXISTS `${TABLE_NAME}` (`id` INTEGER PRIMARY KEY AUTOINCREMENT NOT NULL, `uuid` TEXT NOT NULL, `action_id` TEXT NOT NULL, `environment` INTEGER NOT NULL DEFAULT 0, `transaction_type` TEXT NOT NULL, `channel_id` INTEGER NOT NULL, `status` TEXT NOT NULL DEFAULT 'pending', `initiated_at` INTEGER NOT NULL DEFAULT CURRENT_TIMESTAMP, `updated_at` INTEGER NOT NULL DEFAULT CURRENT_TIMESTAMP, `description` TEXT, `amount` REAL, `fee` REAL, `confirm_code` TEXT, `recipient_id` TEXT, `category` TEXT, `counterparty` TEXT)",
        "fields": [
          {
            "fieldPath": "id",
            "columnName": "id",
            "affinity": "INTEGER",
            "notNull": true
          },
          {
            "fieldPath": "uuid",
            "columnName": "uuid",
            "affinity": "TEXT",
            "notNull": true
          },
          {
            "fieldPath": "action_id",
            "columnName": "action_id",
            "affinity": "TEXT",
            "notNull": true
          },
          {
            "fieldPath": "environment",
            "columnName": "environment",
            "affinity": "INTEGER",
            "notNull": true,
            "defaultValue": "0"
          },
          {
            "fieldPath": "transaction_type",
            "columnName": "transaction_type",
            "affinity": "TEXT",
            "notNull": true
          },
          {
            "fieldPath": "channel_id",
            "columnName": "channel_id",
            "affinity": "INTEGER",
            "notNull": true
          },
          {
            "fieldPath": "status",
            "columnName": "status",
            "affinity": "TEXT",
            "notNull": true,
            "defaultValue": "'pending'"
          },
          {
            "fieldPath": "initiated_at",
            "columnName": "initiated_at",
            "affinity": "INTEGER",
            "notNull": true,
            "defaultValue": "CURRENT_TIMESTAMP"
          },
          {
            "fieldPath": "updated_at",
            "columnName": "updated_at",
            "affinity": "INTEGER",
            "notNull": true,
            "defaultValue": "CURRENT_TIMESTAMP"
          },
          {
            "fieldPath": "description",
            "columnName": "description",
            "affinity": "TEXT",
            "notNull": false
          },
          {
            "fieldPath": "amount",
            "columnName": "amount",
            "affinity": "REAL",
            "notNull": false
          },
          {
            "fieldPath": "fee",
            "columnName": "fee",
            "affinity": "REAL",
            "notNull": false
          },
          {
            "fieldPath": "confirm_code",
            "columnName": "confirm_code",
            "affinity": "TEXT",
            "notNull": false
          },
          {
            "fieldPath": "counterparty_id",
            "columnName": "recipient_id",
            "affinity": "TEXT",
            "notNull": false
          },
          {
            "fieldPath": "category",
            "columnName": "category",
            "affinity": "TEXT",
            "notNull": false
          },
          {
            "fieldPath": "counterparty",
            "columnName": "counterparty",
            "affinity": "TEXT",
            "notNull": false
          }
        ],
        "primaryKey": {
          "columnNames": [
            "id"
          ],
          "autoGenerate": true
        },
        "indices": [
          {
            "name": "index_stax_transactions_uuid",
            "unique": true,
            "columnNames": [
              "uuid"
            ],
            "createSql": "CREATE UNIQUE INDEX IF NOT EXISTS `index_stax_transactions_uuid` ON `${TABLE_NAME}` (`uuid`)"
          }
        ],
        "foreignKeys": []
      },
      {
        "tableName": "stax_contacts",
        "createSql": "CREATE TABLE IF NOT EXISTS `${TABLE_NAME}` (`id` TEXT NOT NULL, `lookup_key` TEXT, `name` TEXT, `aliases` TEXT, `phone_number` TEXT, `thumb_uri` TEXT, `last_used_timestamp` INTEGER, PRIMARY KEY(`id`))",
        "fields": [
          {
            "fieldPath": "id",
            "columnName": "id",
            "affinity": "TEXT",
            "notNull": true
          },
          {
            "fieldPath": "lookupKey",
            "columnName": "lookup_key",
            "affinity": "TEXT",
            "notNull": false
          },
          {
            "fieldPath": "name",
            "columnName": "name",
            "affinity": "TEXT",
            "notNull": false
          },
          {
            "fieldPath": "aliases",
            "columnName": "aliases",
            "affinity": "TEXT",
            "notNull": false
          },
          {
            "fieldPath": "accountNumber",
            "columnName": "phone_number",
            "affinity": "TEXT",
            "notNull": false
          },
          {
            "fieldPath": "thumbUri",
            "columnName": "thumb_uri",
            "affinity": "TEXT",
            "notNull": false
          },
          {
            "fieldPath": "lastUsedTimestamp",
            "columnName": "last_used_timestamp",
            "affinity": "INTEGER",
            "notNull": false
          }
        ],
        "primaryKey": {
          "columnNames": [
            "id"
          ],
          "autoGenerate": false
        },
        "indices": [
          {
            "name": "index_stax_contacts_id",
            "unique": true,
            "columnNames": [
              "id"
            ],
            "createSql": "CREATE UNIQUE INDEX IF NOT EXISTS `index_stax_contacts_id` ON `${TABLE_NAME}` (`id`)"
          },
          {
            "name": "index_stax_contacts_phone_number",
            "unique": true,
            "columnNames": [
              "phone_number"
            ],
            "createSql": "CREATE UNIQUE INDEX IF NOT EXISTS `index_stax_contacts_phone_number` ON `${TABLE_NAME}` (`phone_number`)"
          }
        ],
        "foreignKeys": []
      },
      {
        "tableName": "requests",
        "createSql": "CREATE TABLE IF NOT EXISTS `${TABLE_NAME}` (`id` INTEGER PRIMARY KEY AUTOINCREMENT NOT NULL, `description` TEXT, `requestee_ids` TEXT NOT NULL, `amount` TEXT, `requester_institution_id` INTEGER NOT NULL, `requester_number` TEXT, `note` TEXT, `message` TEXT, `matched_transaction_uuid` TEXT, `date_sent` INTEGER NOT NULL DEFAULT CURRENT_TIMESTAMP)",
        "fields": [
          {
            "fieldPath": "id",
            "columnName": "id",
            "affinity": "INTEGER",
            "notNull": true
          },
          {
            "fieldPath": "description",
            "columnName": "description",
            "affinity": "TEXT",
            "notNull": false
          },
          {
            "fieldPath": "requestee_ids",
            "columnName": "requestee_ids",
            "affinity": "TEXT",
            "notNull": true
          },
          {
            "fieldPath": "amount",
            "columnName": "amount",
            "affinity": "TEXT",
            "notNull": false
          },
          {
            "fieldPath": "requester_institution_id",
            "columnName": "requester_institution_id",
            "affinity": "INTEGER",
            "notNull": true
          },
          {
            "fieldPath": "requester_number",
            "columnName": "requester_number",
            "affinity": "TEXT",
            "notNull": false
          },
          {
            "fieldPath": "note",
            "columnName": "note",
            "affinity": "TEXT",
            "notNull": false
          },
          {
            "fieldPath": "message",
            "columnName": "message",
            "affinity": "TEXT",
            "notNull": false
          },
          {
            "fieldPath": "matched_transaction_uuid",
            "columnName": "matched_transaction_uuid",
            "affinity": "TEXT",
            "notNull": false
          },
          {
            "fieldPath": "date_sent",
            "columnName": "date_sent",
            "affinity": "INTEGER",
            "notNull": true,
            "defaultValue": "CURRENT_TIMESTAMP"
          }
        ],
        "primaryKey": {
          "columnNames": [
            "id"
          ],
          "autoGenerate": true
        },
        "indices": [],
        "foreignKeys": []
      },
      {
        "tableName": "schedules",
        "createSql": "CREATE TABLE IF NOT EXISTS `${TABLE_NAME}` (`id` INTEGER PRIMARY KEY AUTOINCREMENT NOT NULL, `type` TEXT NOT NULL, `channel_id` INTEGER NOT NULL, `action_id` TEXT, `recipient_ids` TEXT NOT NULL, `amount` TEXT, `note` TEXT, `description` TEXT NOT NULL, `start_date` INTEGER NOT NULL DEFAULT CURRENT_TIMESTAMP, `end_date` INTEGER DEFAULT CURRENT_TIMESTAMP, `frequency` INTEGER NOT NULL, `complete` INTEGER NOT NULL DEFAULT false)",
        "fields": [
          {
            "fieldPath": "id",
            "columnName": "id",
            "affinity": "INTEGER",
            "notNull": true
          },
          {
            "fieldPath": "type",
            "columnName": "type",
            "affinity": "TEXT",
            "notNull": true
          },
          {
            "fieldPath": "channel_id",
            "columnName": "channel_id",
            "affinity": "INTEGER",
            "notNull": true
          },
          {
            "fieldPath": "action_id",
            "columnName": "action_id",
            "affinity": "TEXT",
            "notNull": false
          },
          {
            "fieldPath": "recipient_ids",
            "columnName": "recipient_ids",
            "affinity": "TEXT",
            "notNull": true
          },
          {
            "fieldPath": "amount",
            "columnName": "amount",
            "affinity": "TEXT",
            "notNull": false
          },
          {
            "fieldPath": "note",
            "columnName": "note",
            "affinity": "TEXT",
            "notNull": false
          },
          {
            "fieldPath": "description",
            "columnName": "description",
            "affinity": "TEXT",
            "notNull": true
          },
          {
            "fieldPath": "start_date",
            "columnName": "start_date",
            "affinity": "INTEGER",
            "notNull": true,
            "defaultValue": "CURRENT_TIMESTAMP"
          },
          {
            "fieldPath": "end_date",
            "columnName": "end_date",
            "affinity": "INTEGER",
            "notNull": false,
            "defaultValue": "CURRENT_TIMESTAMP"
          },
          {
            "fieldPath": "frequency",
            "columnName": "frequency",
            "affinity": "INTEGER",
            "notNull": true
          },
          {
            "fieldPath": "complete",
            "columnName": "complete",
            "affinity": "INTEGER",
            "notNull": true,
            "defaultValue": "false"
          }
        ],
        "primaryKey": {
          "columnNames": [
            "id"
          ],
          "autoGenerate": true
        },
        "indices": [],
        "foreignKeys": []
      },
      {
        "tableName": "accounts",
        "createSql": "CREATE TABLE IF NOT EXISTS `${TABLE_NAME}` (`name` TEXT NOT NULL, `alias` TEXT NOT NULL, `logo_url` TEXT NOT NULL, `account_no` TEXT, `channelId` INTEGER NOT NULL, `primary_color_hex` TEXT NOT NULL, `secondary_color_hex` TEXT NOT NULL, `isDefault` INTEGER NOT NULL, `id` INTEGER PRIMARY KEY AUTOINCREMENT NOT NULL, `latestBalance` TEXT, `latestBalanceTimestamp` INTEGER NOT NULL DEFAULT CURRENT_TIMESTAMP, FOREIGN KEY(`channelId`) REFERENCES `channels`(`id`) ON UPDATE NO ACTION ON DELETE CASCADE )",
        "fields": [
          {
            "fieldPath": "name",
            "columnName": "name",
            "affinity": "TEXT",
            "notNull": true
          },
          {
            "fieldPath": "alias",
            "columnName": "alias",
            "affinity": "TEXT",
            "notNull": true
          },
          {
            "fieldPath": "logoUrl",
            "columnName": "logo_url",
            "affinity": "TEXT",
            "notNull": true
          },
          {
            "fieldPath": "accountNo",
            "columnName": "account_no",
            "affinity": "TEXT",
            "notNull": false
          },
          {
            "fieldPath": "channelId",
            "columnName": "channelId",
            "affinity": "INTEGER",
            "notNull": true
          },
          {
            "fieldPath": "primaryColorHex",
            "columnName": "primary_color_hex",
            "affinity": "TEXT",
            "notNull": true
          },
          {
            "fieldPath": "secondaryColorHex",
            "columnName": "secondary_color_hex",
            "affinity": "TEXT",
            "notNull": true
          },
          {
            "fieldPath": "isDefault",
            "columnName": "isDefault",
            "affinity": "INTEGER",
            "notNull": true
          },
          {
            "fieldPath": "id",
            "columnName": "id",
            "affinity": "INTEGER",
            "notNull": true
          },
          {
            "fieldPath": "latestBalance",
            "columnName": "latestBalance",
            "affinity": "TEXT",
            "notNull": false
          },
          {
            "fieldPath": "latestBalanceTimestamp",
            "columnName": "latestBalanceTimestamp",
            "affinity": "INTEGER",
            "notNull": true,
            "defaultValue": "CURRENT_TIMESTAMP"
          }
        ],
        "primaryKey": {
          "columnNames": [
            "id"
          ],
          "autoGenerate": true
        },
        "indices": [
          {
            "name": "index_accounts_channelId",
            "unique": false,
            "columnNames": [
              "channelId"
            ],
            "createSql": "CREATE INDEX IF NOT EXISTS `index_accounts_channelId` ON `${TABLE_NAME}` (`channelId`)"
          }
        ],
        "foreignKeys": [
          {
            "table": "channels",
            "onDelete": "CASCADE",
            "onUpdate": "NO ACTION",
            "columns": [
              "channelId"
            ],
            "referencedColumns": [
              "id"
            ]
          }
        ]
      }
    ],
    "views": [],
    "setupQueries": [
      "CREATE TABLE IF NOT EXISTS room_master_table (id INTEGER PRIMARY KEY,identity_hash TEXT)",
      "INSERT OR REPLACE INTO room_master_table (id,identity_hash) VALUES(42, '5da73f0f0303be4fe1af75bd8911fa71')"
    ]
  }
}