{
  "formatVersion": 1,
  "database": {
    "version": 46,
    "identityHash": "3ff0ec14ddb5ef444155ed236f229f5c",
    "entities": [
      {
        "tableName": "channels",
        "createSql": "CREATE TABLE IF NOT EXISTS `${TABLE_NAME}` (`id` INTEGER NOT NULL, `name` TEXT NOT NULL, `country_alpha2` TEXT NOT NULL, `root_code` TEXT, `currency` TEXT NOT NULL, `hni_list` TEXT NOT NULL, `logo_url` TEXT NOT NULL, `institution_id` INTEGER NOT NULL, `primary_color_hex` TEXT NOT NULL, `published` INTEGER NOT NULL DEFAULT 0, `secondary_color_hex` TEXT NOT NULL, `institution_type` TEXT NOT NULL DEFAULT 'bank', `isFavorite` INTEGER NOT NULL DEFAULT 0, PRIMARY KEY(`id`))",
        "fields": [
          {
            "fieldPath": "id",
            "columnName": "id",
            "affinity": "INTEGER",
            "notNull": true
          },
          {
            "fieldPath": "name",
            "columnName": "name",
            "affinity": "TEXT",
            "notNull": true
          },
          {
            "fieldPath": "countryAlpha2",
            "columnName": "country_alpha2",
            "affinity": "TEXT",
            "notNull": true
          },
          {
            "fieldPath": "rootCode",
            "columnName": "root_code",
            "affinity": "TEXT",
            "notNull": false
          },
          {
            "fieldPath": "currency",
            "columnName": "currency",
            "affinity": "TEXT",
            "notNull": true
          },
          {
            "fieldPath": "hniList",
            "columnName": "hni_list",
            "affinity": "TEXT",
            "notNull": true
          },
          {
            "fieldPath": "logoUrl",
            "columnName": "logo_url",
            "affinity": "TEXT",
            "notNull": true
          },
          {
            "fieldPath": "institutionId",
            "columnName": "institution_id",
            "affinity": "INTEGER",
            "notNull": true
          },
          {
            "fieldPath": "primaryColorHex",
            "columnName": "primary_color_hex",
            "affinity": "TEXT",
            "notNull": true
          },
          {
            "fieldPath": "published",
            "columnName": "published",
            "affinity": "INTEGER",
            "notNull": true,
            "defaultValue": "0"
          },
          {
            "fieldPath": "secondaryColorHex",
            "columnName": "secondary_color_hex",
            "affinity": "TEXT",
            "notNull": true
          },
          {
            "fieldPath": "institutionType",
            "columnName": "institution_type",
            "affinity": "TEXT",
            "notNull": true,
            "defaultValue": "'bank'"
          },
          {
            "fieldPath": "isFavorite",
            "columnName": "isFavorite",
            "affinity": "INTEGER",
            "notNull": true,
            "defaultValue": "0"
          }
        ],
        "primaryKey": {
          "columnNames": [
            "id"
          ],
          "autoGenerate": false
        },
        "indices": [],
        "foreignKeys": []
      },
      {
        "tableName": "stax_transactions",
        "createSql": "CREATE TABLE IF NOT EXISTS `${TABLE_NAME}` (`uuid` TEXT NOT NULL, `action_id` TEXT NOT NULL, `environment` INTEGER NOT NULL DEFAULT 0, `transaction_type` TEXT NOT NULL, `channel_id` INTEGER NOT NULL, `status` TEXT NOT NULL DEFAULT 'pending', `category` TEXT NOT NULL DEFAULT 'started', `initiated_at` INTEGER NOT NULL DEFAULT CURRENT_TIMESTAMP, `updated_at` INTEGER NOT NULL DEFAULT CURRENT_TIMESTAMP, `id` INTEGER PRIMARY KEY AUTOINCREMENT NOT NULL, `description` TEXT NOT NULL, `account_id` INTEGER, `recipient_id` TEXT, `amount` REAL, `fee` REAL, `confirm_code` TEXT, `balance` TEXT, `note` TEXT, `counterparty` TEXT, `account_name` TEXT)",
        "fields": [
          {
            "fieldPath": "uuid",
            "columnName": "uuid",
            "affinity": "TEXT",
            "notNull": true
          },
          {
            "fieldPath": "action_id",
            "columnName": "action_id",
            "affinity": "TEXT",
            "notNull": true
          },
          {
            "fieldPath": "environment",
            "columnName": "environment",
            "affinity": "INTEGER",
            "notNull": true,
            "defaultValue": "0"
          },
          {
            "fieldPath": "transaction_type",
            "columnName": "transaction_type",
            "affinity": "TEXT",
            "notNull": true
          },
          {
            "fieldPath": "channel_id",
            "columnName": "channel_id",
            "affinity": "INTEGER",
            "notNull": true
          },
          {
            "fieldPath": "status",
            "columnName": "status",
            "affinity": "TEXT",
            "notNull": true,
            "defaultValue": "'pending'"
          },
          {
            "fieldPath": "category",
            "columnName": "category",
            "affinity": "TEXT",
            "notNull": true,
            "defaultValue": "'started'"
          },
          {
            "fieldPath": "initiated_at",
            "columnName": "initiated_at",
            "affinity": "INTEGER",
            "notNull": true,
            "defaultValue": "CURRENT_TIMESTAMP"
          },
          {
            "fieldPath": "updated_at",
            "columnName": "updated_at",
            "affinity": "INTEGER",
            "notNull": true,
            "defaultValue": "CURRENT_TIMESTAMP"
          },
          {
            "fieldPath": "id",
            "columnName": "id",
            "affinity": "INTEGER",
            "notNull": true
          },
          {
            "fieldPath": "description",
            "columnName": "description",
            "affinity": "TEXT",
            "notNull": true
          },
          {
            "fieldPath": "accountId",
            "columnName": "account_id",
            "affinity": "INTEGER",
            "notNull": false
          },
          {
            "fieldPath": "counterparty_id",
            "columnName": "recipient_id",
            "affinity": "TEXT",
            "notNull": false
          },
          {
            "fieldPath": "amount",
            "columnName": "amount",
            "affinity": "REAL",
            "notNull": false
          },
          {
            "fieldPath": "fee",
            "columnName": "fee",
            "affinity": "REAL",
            "notNull": false
          },
          {
            "fieldPath": "confirm_code",
            "columnName": "confirm_code",
            "affinity": "TEXT",
            "notNull": false
          },
          {
            "fieldPath": "balance",
            "columnName": "balance",
            "affinity": "TEXT",
            "notNull": false
          },
          {
            "fieldPath": "note",
            "columnName": "note",
            "affinity": "TEXT",
            "notNull": false
          },
          {
            "fieldPath": "counterpartyNo",
            "columnName": "counterparty",
            "affinity": "TEXT",
            "notNull": false
          },
          {
            "fieldPath": "accountName",
            "columnName": "account_name",
            "affinity": "TEXT",
            "notNull": false
          }
        ],
        "primaryKey": {
          "columnNames": [
            "id"
          ],
          "autoGenerate": true
        },
        "indices": [
          {
            "name": "index_stax_transactions_uuid",
            "unique": true,
            "columnNames": [
              "uuid"
            ],
            "orders": [],
            "createSql": "CREATE UNIQUE INDEX IF NOT EXISTS `index_stax_transactions_uuid` ON `${TABLE_NAME}` (`uuid`)"
          }
        ],
        "foreignKeys": []
      },
      {
        "tableName": "stax_contacts",
        "createSql": "CREATE TABLE IF NOT EXISTS `${TABLE_NAME}` (`id` TEXT NOT NULL, `lookup_key` TEXT, `name` TEXT, `aliases` TEXT, `phone_number` TEXT, `thumb_uri` TEXT, `last_used_timestamp` INTEGER, PRIMARY KEY(`id`))",
        "fields": [
          {
            "fieldPath": "id",
            "columnName": "id",
            "affinity": "TEXT",
            "notNull": true
          },
          {
            "fieldPath": "lookupKey",
            "columnName": "lookup_key",
            "affinity": "TEXT",
            "notNull": false
          },
          {
            "fieldPath": "name",
            "columnName": "name",
            "affinity": "TEXT",
            "notNull": false
          },
          {
            "fieldPath": "aliases",
            "columnName": "aliases",
            "affinity": "TEXT",
            "notNull": false
          },
          {
            "fieldPath": "accountNumber",
            "columnName": "phone_number",
            "affinity": "TEXT",
            "notNull": false
          },
          {
            "fieldPath": "thumbUri",
            "columnName": "thumb_uri",
            "affinity": "TEXT",
            "notNull": false
          },
          {
            "fieldPath": "lastUsedTimestamp",
            "columnName": "last_used_timestamp",
            "affinity": "INTEGER",
            "notNull": false
          }
        ],
        "primaryKey": {
          "columnNames": [
            "id"
          ],
          "autoGenerate": false
        },
        "indices": [
          {
            "name": "index_stax_contacts_id",
            "unique": true,
            "columnNames": [
              "id"
            ],
            "orders": [],
            "createSql": "CREATE UNIQUE INDEX IF NOT EXISTS `index_stax_contacts_id` ON `${TABLE_NAME}` (`id`)"
          },
          {
            "name": "index_stax_contacts_phone_number",
            "unique": true,
            "columnNames": [
              "phone_number"
            ],
            "orders": [],
            "createSql": "CREATE UNIQUE INDEX IF NOT EXISTS `index_stax_contacts_phone_number` ON `${TABLE_NAME}` (`phone_number`)"
          }
        ],
        "foreignKeys": []
      },
      {
        "tableName": "requests",
        "createSql": "CREATE TABLE IF NOT EXISTS `${TABLE_NAME}` (`id` INTEGER PRIMARY KEY AUTOINCREMENT NOT NULL, `description` TEXT, `requestee_ids` TEXT NOT NULL, `amount` TEXT, `requester_institution_id` INTEGER NOT NULL DEFAULT 0, `requester_number` TEXT, `requester_country_alpha2` TEXT, `note` TEXT, `message` TEXT, `matched_transaction_uuid` TEXT, `requester_account_id` INTEGER, `date_sent` INTEGER NOT NULL DEFAULT CURRENT_TIMESTAMP)",
        "fields": [
          {
            "fieldPath": "id",
            "columnName": "id",
            "affinity": "INTEGER",
            "notNull": true
          },
          {
            "fieldPath": "description",
            "columnName": "description",
            "affinity": "TEXT",
            "notNull": false
          },
          {
            "fieldPath": "requestee_ids",
            "columnName": "requestee_ids",
            "affinity": "TEXT",
            "notNull": true
          },
          {
            "fieldPath": "amount",
            "columnName": "amount",
            "affinity": "TEXT",
            "notNull": false
          },
          {
            "fieldPath": "requester_institution_id",
            "columnName": "requester_institution_id",
            "affinity": "INTEGER",
            "notNull": true,
            "defaultValue": "0"
          },
          {
            "fieldPath": "requester_number",
            "columnName": "requester_number",
            "affinity": "TEXT",
            "notNull": false
          },
          {
            "fieldPath": "requester_country_alpha2",
            "columnName": "requester_country_alpha2",
            "affinity": "TEXT",
            "notNull": false
          },
          {
            "fieldPath": "note",
            "columnName": "note",
            "affinity": "TEXT",
            "notNull": false
          },
          {
            "fieldPath": "message",
            "columnName": "message",
            "affinity": "TEXT",
            "notNull": false
          },
          {
            "fieldPath": "matched_transaction_uuid",
            "columnName": "matched_transaction_uuid",
            "affinity": "TEXT",
            "notNull": false
          },
          {
            "fieldPath": "requester_account_id",
            "columnName": "requester_account_id",
            "affinity": "INTEGER",
            "notNull": false
          },
          {
            "fieldPath": "date_sent",
            "columnName": "date_sent",
            "affinity": "INTEGER",
            "notNull": true,
            "defaultValue": "CURRENT_TIMESTAMP"
          }
        ],
        "primaryKey": {
          "columnNames": [
            "id"
          ],
          "autoGenerate": true
        },
        "indices": [],
        "foreignKeys": []
      },
      {
        "tableName": "schedules",
        "createSql": "CREATE TABLE IF NOT EXISTS `${TABLE_NAME}` (`id` INTEGER PRIMARY KEY AUTOINCREMENT NOT NULL, `type` TEXT NOT NULL, `channel_id` INTEGER NOT NULL, `action_id` TEXT, `recipient_ids` TEXT NOT NULL, `amount` TEXT, `note` TEXT, `description` TEXT NOT NULL, `start_date` INTEGER NOT NULL DEFAULT CURRENT_TIMESTAMP, `end_date` INTEGER DEFAULT CURRENT_TIMESTAMP, `frequency` INTEGER NOT NULL, `complete` INTEGER NOT NULL DEFAULT false)",
        "fields": [
          {
            "fieldPath": "id",
            "columnName": "id",
            "affinity": "INTEGER",
            "notNull": true
          },
          {
            "fieldPath": "type",
            "columnName": "type",
            "affinity": "TEXT",
            "notNull": true
          },
          {
            "fieldPath": "channel_id",
            "columnName": "channel_id",
            "affinity": "INTEGER",
            "notNull": true
          },
          {
            "fieldPath": "action_id",
            "columnName": "action_id",
            "affinity": "TEXT",
            "notNull": false
          },
          {
            "fieldPath": "recipient_ids",
            "columnName": "recipient_ids",
            "affinity": "TEXT",
            "notNull": true
          },
          {
            "fieldPath": "amount",
            "columnName": "amount",
            "affinity": "TEXT",
            "notNull": false
          },
          {
            "fieldPath": "note",
            "columnName": "note",
            "affinity": "TEXT",
            "notNull": false
          },
          {
            "fieldPath": "description",
            "columnName": "description",
            "affinity": "TEXT",
            "notNull": true
          },
          {
            "fieldPath": "start_date",
            "columnName": "start_date",
            "affinity": "INTEGER",
            "notNull": true,
            "defaultValue": "CURRENT_TIMESTAMP"
          },
          {
            "fieldPath": "end_date",
            "columnName": "end_date",
            "affinity": "INTEGER",
            "notNull": false,
            "defaultValue": "CURRENT_TIMESTAMP"
          },
          {
            "fieldPath": "frequency",
            "columnName": "frequency",
            "affinity": "INTEGER",
            "notNull": true
          },
          {
            "fieldPath": "complete",
            "columnName": "complete",
            "affinity": "INTEGER",
            "notNull": true,
            "defaultValue": "false"
          }
        ],
        "primaryKey": {
          "columnNames": [
            "id"
          ],
          "autoGenerate": true
        },
        "indices": [],
        "foreignKeys": []
      },
      {
        "tableName": "accounts",
        "createSql": "CREATE TABLE IF NOT EXISTS `${TABLE_NAME}` (`name` TEXT NOT NULL, `alias` TEXT NOT NULL, `logo_url` TEXT NOT NULL, `account_no` TEXT, `institutionId` INTEGER, `institution_type` TEXT NOT NULL DEFAULT 'bank', `countryAlpha2` TEXT, `channelId` INTEGER NOT NULL, `primary_color_hex` TEXT NOT NULL, `secondary_color_hex` TEXT NOT NULL, `isDefault` INTEGER NOT NULL DEFAULT 0, `sim_subscription_id` INTEGER NOT NULL DEFAULT -1, `id` INTEGER PRIMARY KEY AUTOINCREMENT NOT NULL, `latestBalance` TEXT, `latestBalanceTimestamp` INTEGER NOT NULL DEFAULT CURRENT_TIMESTAMP, FOREIGN KEY(`channelId`) REFERENCES `channels`(`id`) ON UPDATE NO ACTION ON DELETE NO ACTION )",
        "fields": [
          {
            "fieldPath": "name",
            "columnName": "name",
            "affinity": "TEXT",
            "notNull": true
          },
          {
            "fieldPath": "alias",
            "columnName": "alias",
            "affinity": "TEXT",
            "notNull": true
          },
          {
            "fieldPath": "logoUrl",
            "columnName": "logo_url",
            "affinity": "TEXT",
            "notNull": true
          },
          {
            "fieldPath": "accountNo",
            "columnName": "account_no",
            "affinity": "TEXT",
            "notNull": false
          },
          {
            "fieldPath": "institutionId",
            "columnName": "institutionId",
            "affinity": "INTEGER",
            "notNull": false
          },
          {
            "fieldPath": "institutionType",
            "columnName": "institution_type",
            "affinity": "TEXT",
            "notNull": true,
            "defaultValue": "'bank'"
          },
          {
            "fieldPath": "countryAlpha2",
            "columnName": "countryAlpha2",
            "affinity": "TEXT",
            "notNull": false
          },
          {
            "fieldPath": "channelId",
            "columnName": "channelId",
            "affinity": "INTEGER",
            "notNull": true
          },
          {
            "fieldPath": "primaryColorHex",
            "columnName": "primary_color_hex",
            "affinity": "TEXT",
            "notNull": true
          },
          {
            "fieldPath": "secondaryColorHex",
            "columnName": "secondary_color_hex",
            "affinity": "TEXT",
            "notNull": true
          },
          {
            "fieldPath": "isDefault",
            "columnName": "isDefault",
            "affinity": "INTEGER",
            "notNull": true,
            "defaultValue": "0"
          },
          {
            "fieldPath": "simSubscriptionId",
            "columnName": "sim_subscription_id",
            "affinity": "INTEGER",
            "notNull": true,
            "defaultValue": "-1"
          },
          {
            "fieldPath": "id",
            "columnName": "id",
            "affinity": "INTEGER",
            "notNull": true
          },
          {
            "fieldPath": "latestBalance",
            "columnName": "latestBalance",
            "affinity": "TEXT",
            "notNull": false
          },
          {
            "fieldPath": "latestBalanceTimestamp",
            "columnName": "latestBalanceTimestamp",
            "affinity": "INTEGER",
            "notNull": true,
            "defaultValue": "CURRENT_TIMESTAMP"
          }
        ],
        "primaryKey": {
          "columnNames": [
            "id"
          ],
          "autoGenerate": true
        },
        "indices": [
          {
            "name": "index_accounts_name",
            "unique": true,
            "columnNames": [
              "name"
            ],
            "orders": [],
            "createSql": "CREATE UNIQUE INDEX IF NOT EXISTS `index_accounts_name` ON `${TABLE_NAME}` (`name`)"
          },
          {
            "name": "index_accounts_channelId",
            "unique": false,
            "columnNames": [
              "channelId"
            ],
            "orders": [],
            "createSql": "CREATE INDEX IF NOT EXISTS `index_accounts_channelId` ON `${TABLE_NAME}` (`channelId`)"
          }
        ],
        "foreignKeys": [
          {
            "table": "channels",
            "onDelete": "NO ACTION",
            "onUpdate": "NO ACTION",
            "columns": [
              "channelId"
            ],
            "referencedColumns": [
              "id"
            ]
          }
        ]
      },
      {
        "tableName": "paybills",
        "createSql": "CREATE TABLE IF NOT EXISTS `${TABLE_NAME}` (`name` TEXT NOT NULL, `business_name` TEXT, `business_no` TEXT, `account_no` TEXT, `action_id` TEXT DEFAULT '', `accountId` INTEGER NOT NULL, `logo_url` TEXT NOT NULL, `id` INTEGER PRIMARY KEY AUTOINCREMENT NOT NULL, `recurring_amount` INTEGER NOT NULL, `channelId` INTEGER NOT NULL, `logo` INTEGER NOT NULL, `isSaved` INTEGER NOT NULL DEFAULT 0, FOREIGN KEY(`channelId`) REFERENCES `channels`(`id`) ON UPDATE NO ACTION ON DELETE NO ACTION , FOREIGN KEY(`accountId`) REFERENCES `accounts`(`id`) ON UPDATE NO ACTION ON DELETE NO ACTION )",
        "fields": [
          {
            "fieldPath": "name",
            "columnName": "name",
            "affinity": "TEXT",
            "notNull": true
          },
          {
            "fieldPath": "businessName",
            "columnName": "business_name",
            "affinity": "TEXT",
            "notNull": false
          },
          {
            "fieldPath": "businessNo",
            "columnName": "business_no",
            "affinity": "TEXT",
            "notNull": false
          },
          {
            "fieldPath": "accountNo",
            "columnName": "account_no",
            "affinity": "TEXT",
            "notNull": false
          },
          {
            "fieldPath": "actionId",
            "columnName": "action_id",
            "affinity": "TEXT",
            "notNull": false,
            "defaultValue": "''"
          },
          {
            "fieldPath": "accountId",
            "columnName": "accountId",
            "affinity": "INTEGER",
            "notNull": true
          },
          {
            "fieldPath": "logoUrl",
            "columnName": "logo_url",
            "affinity": "TEXT",
            "notNull": true
          },
          {
            "fieldPath": "id",
            "columnName": "id",
            "affinity": "INTEGER",
            "notNull": true
          },
          {
            "fieldPath": "recurringAmount",
            "columnName": "recurring_amount",
            "affinity": "INTEGER",
            "notNull": true
          },
          {
            "fieldPath": "channelId",
            "columnName": "channelId",
            "affinity": "INTEGER",
            "notNull": true
          },
          {
            "fieldPath": "logo",
            "columnName": "logo",
            "affinity": "INTEGER",
            "notNull": true
          },
          {
            "fieldPath": "isSaved",
            "columnName": "isSaved",
            "affinity": "INTEGER",
            "notNull": true,
            "defaultValue": "0"
          }
        ],
        "primaryKey": {
          "columnNames": [
            "id"
          ],
          "autoGenerate": true
        },
        "indices": [
          {
            "name": "index_paybills_business_no_account_no",
            "unique": true,
            "columnNames": [
              "business_no",
              "account_no"
            ],
            "orders": [],
            "createSql": "CREATE UNIQUE INDEX IF NOT EXISTS `index_paybills_business_no_account_no` ON `${TABLE_NAME}` (`business_no`, `account_no`)"
          },
          {
            "name": "index_paybills_accountId",
            "unique": false,
            "columnNames": [
              "accountId"
            ],
            "orders": [],
            "createSql": "CREATE INDEX IF NOT EXISTS `index_paybills_accountId` ON `${TABLE_NAME}` (`accountId`)"
          },
          {
            "name": "index_paybills_channelId",
            "unique": false,
            "columnNames": [
              "channelId"
            ],
            "orders": [],
            "createSql": "CREATE INDEX IF NOT EXISTS `index_paybills_channelId` ON `${TABLE_NAME}` (`channelId`)"
          }
        ],
        "foreignKeys": [
          {
            "table": "channels",
            "onDelete": "NO ACTION",
            "onUpdate": "NO ACTION",
            "columns": [
              "channelId"
            ],
            "referencedColumns": [
              "id"
            ]
          },
          {
            "table": "accounts",
            "onDelete": "NO ACTION",
            "onUpdate": "NO ACTION",
            "columns": [
              "accountId"
            ],
            "referencedColumns": [
              "id"
            ]
          }
        ]
      },
      {
        "tableName": "merchants",
        "createSql": "CREATE TABLE IF NOT EXISTS `${TABLE_NAME}` (`business_name` TEXT, `till_no` TEXT NOT NULL, `action_id` TEXT DEFAULT '', `accountId` INTEGER NOT NULL, `channelId` INTEGER NOT NULL, `id` INTEGER PRIMARY KEY AUTOINCREMENT NOT NULL, `last_used_timestamp` INTEGER, FOREIGN KEY(`channelId`) REFERENCES `channels`(`id`) ON UPDATE NO ACTION ON DELETE NO ACTION )",
        "fields": [
          {
            "fieldPath": "businessName",
            "columnName": "business_name",
            "affinity": "TEXT",
            "notNull": false
          },
          {
            "fieldPath": "tillNo",
            "columnName": "till_no",
            "affinity": "TEXT",
            "notNull": true
          },
          {
            "fieldPath": "actionId",
            "columnName": "action_id",
            "affinity": "TEXT",
            "notNull": false,
            "defaultValue": "''"
          },
          {
            "fieldPath": "accountId",
            "columnName": "accountId",
            "affinity": "INTEGER",
            "notNull": true
          },
          {
            "fieldPath": "channelId",
            "columnName": "channelId",
            "affinity": "INTEGER",
            "notNull": true
          },
          {
            "fieldPath": "id",
            "columnName": "id",
            "affinity": "INTEGER",
            "notNull": true
          },
          {
            "fieldPath": "lastUsedTimestamp",
            "columnName": "last_used_timestamp",
            "affinity": "INTEGER",
            "notNull": false
          }
        ],
        "primaryKey": {
          "columnNames": [
            "id"
          ],
          "autoGenerate": true
        },
        "indices": [
          {
            "name": "index_merchants_accountId",
            "unique": false,
            "columnNames": [
              "accountId"
            ],
            "orders": [],
            "createSql": "CREATE INDEX IF NOT EXISTS `index_merchants_accountId` ON `${TABLE_NAME}` (`accountId`)"
          },
          {
            "name": "index_merchants_channelId",
            "unique": false,
            "columnNames": [
              "channelId"
            ],
            "orders": [],
            "createSql": "CREATE INDEX IF NOT EXISTS `index_merchants_channelId` ON `${TABLE_NAME}` (`channelId`)"
          }
        ],
        "foreignKeys": [
          {
            "table": "channels",
            "onDelete": "NO ACTION",
            "onUpdate": "NO ACTION",
            "columns": [
              "channelId"
            ],
            "referencedColumns": [
              "id"
            ]
          }
        ]
      },
      {
        "tableName": "stax_users",
        "createSql": "CREATE TABLE IF NOT EXISTS `${TABLE_NAME}` (`id` INTEGER NOT NULL, `username` TEXT NOT NULL, `email` TEXT NOT NULL, `isMapper` INTEGER NOT NULL DEFAULT 0, `marketingOptedIn` INTEGER NOT NULL DEFAULT 0, `transactionCount` INTEGER NOT NULL, `bountyTotal` INTEGER NOT NULL, PRIMARY KEY(`id`))",
        "fields": [
          {
            "fieldPath": "id",
            "columnName": "id",
            "affinity": "INTEGER",
            "notNull": true
          },
          {
            "fieldPath": "username",
            "columnName": "username",
            "affinity": "TEXT",
            "notNull": true
          },
          {
            "fieldPath": "email",
            "columnName": "email",
            "affinity": "TEXT",
            "notNull": true
          },
          {
            "fieldPath": "isMapper",
            "columnName": "isMapper",
            "affinity": "INTEGER",
            "notNull": true,
            "defaultValue": "0"
          },
          {
            "fieldPath": "marketingOptedIn",
            "columnName": "marketingOptedIn",
            "affinity": "INTEGER",
            "notNull": true,
            "defaultValue": "0"
          },
          {
            "fieldPath": "transactionCount",
            "columnName": "transactionCount",
            "affinity": "INTEGER",
            "notNull": true
          },
          {
            "fieldPath": "bountyTotal",
            "columnName": "bountyTotal",
            "affinity": "INTEGER",
            "notNull": true
          }
        ],
        "primaryKey": {
          "columnNames": [
            "id"
          ],
          "autoGenerate": false
        },
        "indices": [],
        "foreignKeys": []
      },
      {
        "tableName": "bonuses",
        "createSql": "CREATE TABLE IF NOT EXISTS `${TABLE_NAME}` (`user_channel` INTEGER NOT NULL, `purchase_channel` INTEGER NOT NULL, `bonus_percent` REAL NOT NULL, `message` TEXT NOT NULL, `hni_list` TEXT NOT NULL DEFAULT '0', PRIMARY KEY(`user_channel`, `purchase_channel`))",
        "fields": [
          {
            "fieldPath": "userChannel",
            "columnName": "user_channel",
            "affinity": "INTEGER",
            "notNull": true
          },
          {
            "fieldPath": "purchaseChannel",
            "columnName": "purchase_channel",
            "affinity": "INTEGER",
            "notNull": true
          },
          {
            "fieldPath": "bonusPercent",
            "columnName": "bonus_percent",
            "affinity": "REAL",
            "notNull": true
          },
          {
            "fieldPath": "message",
            "columnName": "message",
            "affinity": "TEXT",
            "notNull": true
          },
          {
            "fieldPath": "hniList",
            "columnName": "hni_list",
            "affinity": "TEXT",
            "notNull": true,
            "defaultValue": "'0'"
          }
        ],
        "primaryKey": {
          "columnNames": [
            "user_channel",
            "purchase_channel"
          ],
          "autoGenerate": false
        },
        "indices": [],
        "foreignKeys": []
      }
    ],
    "views": [],
    "setupQueries": [
      "CREATE TABLE IF NOT EXISTS room_master_table (id INTEGER PRIMARY KEY,identity_hash TEXT)",
      "INSERT OR REPLACE INTO room_master_table (id,identity_hash) VALUES(42, '3ff0ec14ddb5ef444155ed236f229f5c')"
    ]
  }
}